certified-connectors/365Training, https://365.training/Home/About
certified-connectors/Advanced Data Operations, https://www.statesolutions.com.au
certified-connectors/Africa's Talking Voice, https://africastalking.com/voice
certified-connectors/AikiDocs,
certified-connectors/Aquaforest PDF Connector, https://www.aquaforest.com/en/aquaforest-connector.asp
certified-connectors/Azure Communication Services Email, https://azure.microsoft.com/services/communication-services
certified-connectors/BillsPLS, www.in-d.ai
certified-connectors/Bitvore, https://bitvore.com/
certified-connectors/Booking Room Pro, https://developer.teams-pro.com/
certified-connectors/CPQSync, https://www.cincom.com/
certified-connectors/CRMBot, https://docs.crmbot.ai
certified-connectors/Calendar Pro, https://developer.teams-pro.com/
certified-connectors/Captisa Forms, https://www.captisa.com
certified-connectors/CardPlatform, https://cardplatform.app/
certified-connectors/CivicPlus, http://oneblink.io/
certified-connectors/CloudAppSecurity,
certified-connectors/Cloudmersive Barcode, https://www.cloudmersive.com/barcode-api
certified-connectors/Cloudmersive Currency, https://www.cloudmersive.com/currency-api
certified-connectors/Cloudmersive Data Validation,
certified-connectors/Cloudmersive Document Conversion,
certified-connectors/Cloudmersive File Processing, https://www.cloudmersive.com/nlp-api
certified-connectors/Cloudmersive Image Processing,
certified-connectors/Cloudmersive NLP, https://www.cloudmersive.com/nlp-api
certified-connectors/Cloudmersive Security, https://cloudmersive.com/security-threat-detection-api
certified-connectors/Cloudmersive Video and Media, https://www.cloudmersive.com/nlp-api
certified-connectors/Cloudmersive Virus Scan,
certified-connectors/Cloudspark EXP Leave, https://creospark.com
certified-connectors/Contacts Pro, https://developer.teams-pro.com/
certified-connectors/Converter by Power2Apps, https://www.power2apps.de
certified-connectors/Cyberday, https://cyberday.ai
certified-connectors/Data8, https://www.data-8.co.uk
certified-connectors/DataScope, https://mydatascope.com
certified-connectors/DocumentsCorePack, https://poweraddons.com
certified-connectors/Docurain, https://docurain.jp/
certified-connectors/Dokobit Portal, https://www.dokobit.com/solutions
certified-connectors/EXPOCAD, https://www.expocad.com
certified-connectors/Encodian, https://www.encodian.com
certified-connectors/Expensya, https://www.expensya.com
certified-connectors/FORCAM FORCE Bridge, https://forcam.com
certified-connectors/Farsight Security, https://www.farsightsecurity.com/
certified-connectors/FireText,
certified-connectors/Flotiq, https://flotiq.com
certified-connectors/FlowForma V2, https://www.flowforma.com/
certified-connectors/Gratavid, https://gratavid.com/
certified-connectors/Gravity Forms by reenhanced, https://www.reenhanced.com/
certified-connectors/GroupMgr, https://groupmgr.com/
certified-connectors/HARNESS PDFx, https://harnessdata.ai/solutions/pdfx
certified-connectors/HouseRaterQA,
certified-connectors/HrFlow, https://www.hrflow.ai
certified-connectors/ID Analyzer, https://www.idanalyzer.com/
certified-connectors/IDAnalyzer, https://www.idanalyzer.com/
certified-connectors/IN-D Aadhaar Number Masking, https://www.in-d.ai
certified-connectors/IN-D Insurance (ICD10 & CPT autocoding), https://www.in-d.ai
certified-connectors/IN-D KYC-India, www.in-d.ai
certified-connectors/IN-D Payables, https://www.in-d.ai
certified-connectors/IN-D PayablesV3, https://www.in-d.ai
certified-connectors/IPQualityScore, https://www.ipqualityscore.com/
certified-connectors/Iconfirm, https://www.iconfirm.eu/
certified-connectors/Ideanote, https://ideanote.io
certified-connectors/Integration Toolbox, https://www.integration-toolbox.com
certified-connectors/JungleMail365,
certified-connectors/LAWLIFT, https://www.lawlift.com
certified-connectors/Lansweeper App For Sentinel, https://www.lansweeper.com/
certified-connectors/LatinShare Documents, http://flow.latinshare.com
certified-connectors/LatinShare SHP Management, http://flow.latinshare.com
certified-connectors/LatinShare SHP Permissions, http://flow.latinshare.com
certified-connectors/LeadDesk,
certified-connectors/Lettria GDPR Compliance, https://lettria.com
certified-connectors/MAQTextAnalytics, https://maqsoftware.com/
certified-connectors/Map Pro, https://developer.teams-pro.com/
certified-connectors/Mensagia, https://mensagia.com/
certified-connectors/Mitto,
certified-connectors/Mobsim Send SMS, https://www.mobsim.com.br/
certified-connectors/MongoDB, https://www.mongodb.com
certified-connectors/Morf, https://getmorf.io
certified-connectors/MotaWordTranslations, https://www.motaword.com
certified-connectors/My Acclaro, https://www.acclaro.com/
certified-connectors/Notiivy, https://www.notiivy.com
certified-connectors/Occuspace Occupancy Tracker, https://occuspace.io
certified-connectors/OneBlink, http://oneblink.io/
certified-connectors/OptiAPI,
certified-connectors/Ordnance Survey Places, https://www.ordnancesurvey.co.uk/business-government
certified-connectors/Otto.bot, https://otto.bot
certified-connectors/PDF4me Connect, https://developer.pdf4me.com/
certified-connectors/PDF4me SwissQR, https://developer.pdf4me.com/
certified-connectors/PDFco, https://pdf.co/
certified-connectors/PDFcross, https://pdfcross.com/en
certified-connectors/Panviva, https://www.panviva.com
certified-connectors/Pling, https://intraactive.net
certified-connectors/Plumsail HelpDesk, https://plumsail.com
certified-connectors/Plumsail SP, https://plumsail.com
certified-connectors/Power Form 7, https://www.reenhanced.com/
certified-connectors/Power Textor, https://powertextor.com
certified-connectors/PowerAssist, https://elevate-digital.com/powerassist/
certified-connectors/PowerBI Robots, https://devscope.net/
certified-connectors/PowerToolsPRO, https://www.apptigent.com
certified-connectors/ProcessStreet, https://www.process.st
certified-connectors/Projectum PresentIt,
certified-connectors/Pure Leads, https://pureleads.co
certified-connectors/RecordedFuture, https://www.recordedfuture.com
certified-connectors/RecordedFutureIdentity, https://www.recordedfuture.com
certified-connectors/RecordedFutureV2, https://www.recordedfuture.com
certified-connectors/RegexFlow Regular Expression, https://www.regexflow.com
certified-connectors/Robolytix,
certified-connectors/Robots for Power BI, https://devscope.net/
certified-connectors/SMSLink, https://www.smslink.ro
certified-connectors/SeeBotRun Link, https://www.seebot.run
certified-connectors/Serverless360,
certified-connectors/ShowcaseWorkshop, https://showcaseworkshop.com
certified-connectors/Slascone,
certified-connectors/SmartGlobalGovernance, https://www.smartglobalgovernance.com
certified-connectors/Softools, https://www.softools.net
certified-connectors/Solyp,
certified-connectors/SwiftKanban, https://www.digite.com/swiftkanban
certified-connectors/Taqnyat SMS, https://www.taqnyat.sa/
certified-connectors/Telnyx SMS, https://www.telnyx.com
certified-connectors/Text Request, https://www.textrequest.com/
certified-connectors/Ticketing.events, https://ticketing.events/
certified-connectors/TuxMailer, https://app.tuxmailer.com
certified-connectors/Ubiqod by Skiply, https://www.ubiqod.com/
certified-connectors/Vantage 365 Barcodes, Www.vantage365.co.uk
certified-connectors/Ventipix Asset and Inventory Manager, https://ai.ventipix.com/
certified-connectors/Way We Do, https://www.waywedo.com
certified-connectors/Xbridger, https://xbridger.com
certified-connectors/Zenkraft, https://zenkraft.com/
certified-connectors/Zippydoc, https://zippydoc.de/
certified-connectors/ahead,
certified-connectors/emfluencemp,
certified-connectors/nps.today, https://nps.today/en
certified-connectors/nunify, https://www.nunify.com
certified-connectors/sms77io, https://www.sms77.io
certified-connectors/tyntec Portability Check, https://www.tyntec.com
certified-connectors/tyntec-2FA, https://www.tyntec.com
certified-connectors/tyntec-SMS, https://www.tyntec.com
certified-connectors/tyntec-Viber, https://www.tyntec.com
certified-connectors/tyntec-WA, https://www.tyntec.com
independent-publisher-connectors/Abortion Policy API, https://www.abortionpolicyapi.com/
independent-publisher-connectors/AccuWeather, https://www.accuweather.com/
independent-publisher-connectors/Advanced Scraper, https://apilayer.com/marketplace/description/adv_scraper-api
independent-publisher-connectors/AfterShip, https://www.aftership.com
independent-publisher-connectors/Airly, https://airly.org/
independent-publisher-connectors/Airtable, https://airtable.com/
independent-publisher-connectors/Ambee, https://www.getambee.com/
independent-publisher-connectors/BIN Checker, https://apilayer.com/marketplace/description/bincheck-api
independent-publisher-connectors/BitlyIP, https://bitly.com/
independent-publisher-connectors/Buy Me A Coffee, https://www.buymeacoffee.com/
independent-publisher-connectors/ClickUp Team Manager, https://www.clickup.com
independent-publisher-connectors/Climatiq, https://www.climatiq.io/
independent-publisher-connectors/Clockify, https://www.Clockify.com/
independent-publisher-connectors/Cloverly, https://www.cloverly.com/
independent-publisher-connectors/Companies House, https://www.gov.uk/government/organisations/companies-house
independent-publisher-connectors/ConvertKit, https://convertkit.com/
independent-publisher-connectors/CraftMyPDF, https://craftmypdf.com/
independent-publisher-connectors/DPIRD Radar, https://www.agric.wa.gov.au/
independent-publisher-connectors/Did You Mean This, https://apilayer.com/marketplace/dymt-api
independent-publisher-connectors/DigitalHumani, https://digitalhumani.com/
independent-publisher-connectors/Do Not Call Reported Calls, https://www.ftc.gov/developer/api/v0/endpoints/do-not-call-dnc-reported-calls-data-api
independent-publisher-connectors/DynamicsDocs, https://advicement.io/
independent-publisher-connectors/EONET by NASA, https://eonet.sci.gsfc.nasa.gov/
independent-publisher-connectors/Easyship, https://www.easyship.com/
independent-publisher-connectors/Ecologi, https://ecologi.com/
independent-publisher-connectors/Etsy, https://www.etsy.com/
independent-publisher-connectors/Every, https://www.every.org/
independent-publisher-connectors/Federal Reserve Economic Data, https://fred.stlouisfed.org/
independent-publisher-connectors/FileIO, https://www.file.io/
independent-publisher-connectors/Focusmate, https://www.focusmate.com/
independent-publisher-connectors/GeoDB, https://geodb-cities-api.wirefreethought.com/
independent-publisher-connectors/GitLab, https://about.gitlab.com/
independent-publisher-connectors/Givebutter, https://givebutter.com/
independent-publisher-connectors/Hunter, https://hunter.io/
independent-publisher-connectors/MailboxValidator, https://www.mailboxvalidator.com/
independent-publisher-connectors/Mapbox, https://www.mapbox.com/
independent-publisher-connectors/Mensagia, https://mensagia.com/
independent-publisher-connectors/Mintlify, https://www.mintlify.com/
independent-publisher-connectors/Mockaroo, https://www.mockaroo.com/
independent-publisher-connectors/Moosend, https://moosend.com/
independent-publisher-connectors/National Park Service, https://www.nps.gov/
independent-publisher-connectors/Near Earth Object Web Service, https://cneos.jpl.nasa.gov/
independent-publisher-connectors/Nederlandse Spoorwegen, https://apiportal.ns.nl/
independent-publisher-connectors/New York Times, https://nytimes.com
independent-publisher-connectors/Notion, https://www.notion.so/
independent-publisher-connectors/OK dokument, https://okdokument.com/
independent-publisher-connectors/OMDb API, http://omdbapi.com/
independent-publisher-connectors/ORB Intelligence, http://orb-intelligence.com
independent-publisher-connectors/Open Charge Map, https://openchargemap.org/site
independent-publisher-connectors/OpenAI, https://openai.com/
independent-publisher-connectors/OpenCage Geocoding, https://opencagedata.com/
independent-publisher-connectors/OpenWeather,
independent-publisher-connectors/Owlbot, https://owlbot.info/
independent-publisher-connectors/Pexels, https://www.pexels.com/
independent-publisher-connectors/PrexView, https://prexview.com/
independent-publisher-connectors/ProPublica Campaign Finance, https://projects.propublica.org/api-docs/campaign-finance/
independent-publisher-connectors/ProPublica Congress, https://projects.propublica.org/api-docs/congress-api/
independent-publisher-connectors/Reachability, https://apilayer.com/marketplace/description/reachability-api
independent-publisher-connectors/Rebrandly, https://www.rebrandly.com/
independent-publisher-connectors/Replicate, https://replicate.com/
independent-publisher-connectors/RescueGroups, https://rescuegroups.org/
independent-publisher-connectors/Revue, https://www.getrevue.co
independent-publisher-connectors/Secure Code Warrior, https://www.securecodewarrior.com/
independent-publisher-connectors/SignUpGenius, https://www.signupgenius.com/
independent-publisher-connectors/Storm Glass, https://docs.stormglass.io/
independent-publisher-connectors/Synthesia, https://www.synthesia.io/
independent-publisher-connectors/The Lord of the Rings, https://the-one-api.dev/
independent-publisher-connectors/The Weather Channel, https://weather.com
independent-publisher-connectors/Tree-Nation, https://tree-nation.com/
independent-publisher-connectors/URLBae, https://urlbae.com/
independent-publisher-connectors/What3Words, https://what3words.com/
independent-publisher-connectors/Working days, https://api.workingdays.org/
independent-publisher-connectors/Writesonic, https://writesonic.com/
independent-publisher-connectors/You Need A Budget, https://www.youneedabudget.com/
independent-publisher-connectors/aviationstack, https://aviationstack.com/